fname,label,Acoustic_guitar,Bass_drum,Cello,Clarinet,Double_bass,Flute,Hi-hat,Saxophone,Snare_drum,Violin_or_fiddle,y_pred
5388d14d.wav,Saxophone,3.185385139659047e-05,0.007166875060647726,0.0037207079585641623,0.001246421248652041,7.317520066862926e-05,0.02676764689385891,0.0001017286122078076,0.9289814829826355,0.014715378172695637,0.017194697633385658,Saxophone
c685f05f.wav,Saxophone,0.00097927066963166,0.0014408573042601347,0.0018331443425267935,0.0010786710772663355,1.1194208127562888e-05,0.0036236050073057413,5.8408084441907704e-05,0.987809419631958,0.00010895853483816609,0.003056564601138234,Saxophone
36d20ab5.wav,Saxophone,6.425906121876324e-06,1.1184530194441322e-05,0.002600567415356636,0.001954448176547885,0.0015962062170729041,0.0043411836959421635,8.837904897518456e-05,0.9888565540313721,8.441053068963811e-05,0.00046082408516667783,Saxophone
d6665734.wav,Saxophone,0.0010628384770825505,0.00022223130508791655,0.04615968465805054,0.0023553171195089817,0.00014755321899428964,0.006285835523158312,2.1803005438414402e-05,0.9244645237922668,0.009088614955544472,0.010191448964178562,Saxophone
7352e28f.wav,Saxophone,1.1742136152292915e-08,6.691514009560251e-11,1.2191536370664835e-05,0.00013511671568267047,3.161492045933301e-08,0.006931785959750414,4.6013037130476775e-12,0.9929207563400269,1.3505925978291033e-12,7.261329670882333e-08,Saxophone
8fa096bf.wav,Saxophone,0.027307970449328423,4.6295695938169956e-05,0.00287821632809937,0.0011036493815481663,1.092339152819477e-05,0.006735777482390404,1.358079316560179e-05,0.9614070057868958,0.00020837626652792096,0.0002882664848584682,Saxophone
2f9c5f62.wav,Saxophone,2.8657802886300487e-06,7.218454167734478e-10,2.7960022634943016e-06,0.006191879510879517,2.2746646664018044e-06,6.618168845307082e-05,2.495829098947411e-10,0.9921704530715942,0.0014773664297536016,8.626968337921426e-05,Saxophone
9cd05a2b.wav,Saxophone,3.6763108255399857e-06,1.4168781703460809e-09,8.888686716090888e-05,6.193556328071281e-05,2.2526068121919707e-08,0.007871625944972038,5.279053236217912e-11,0.9919428825378418,3.703994977399816e-08,3.1216448405757546e-05,Saxophone
ab465bf9.wav,Saxophone,1.017281263671066e-07,1.413683589407324e-14,2.125150331266923e-06,1.5369982975244056e-07,4.422904709144859e-09,2.4646264137118123e-05,6.742981535954413e-15,0.9999732971191406,2.7559856619063794e-09,9.043041870882007e-08,Saxophone
c40632d7.wav,Saxophone,0.008660564199090004,0.0001356531138299033,0.00525610102340579,0.020377088338136673,0.009066544473171234,0.013070357963442802,9.390220657223836e-05,0.9318851828575134,0.008972585201263428,0.0024821648839861155,Saxophone
3a80061f.wav,Saxophone,0.0001421253546141088,0.003640813287347555,0.0027906347531825304,0.00019913319556508213,2.2796157850279997e-07,0.002742282347753644,0.00014313058636616915,0.9692602157592773,0.01138011272996664,0.009701354429125786,Saxophone
dba6817d.wav,Saxophone,1.2774841707141604e-05,9.400085571042993e-11,0.0268248338252306,0.00013390087406150997,3.552460384526057e-06,0.0013960644137114286,9.655587973611546e-07,0.9712619781494141,0.00025868017110042274,0.00010715852840803564,Saxophone
25f26095.wav,Saxophone,2.5052344426512718e-05,7.52890991861932e-05,0.0020420164801180363,6.695623596897349e-05,2.236604086647276e-05,0.0011013949988409877,1.3671548913407605e-05,0.9737517237663269,0.02196185104548931,0.0009396320092491806,Saxophone
37cebbd4.wav,Saxophone,2.3267944015969988e-07,4.588539270766745e-11,3.1643864986108383e-06,7.242704214149853e-07,1.5721950319402822e-07,0.0006399636040441692,7.429352133492273e-10,0.9993540644645691,6.315584166749488e-10,1.9462652289803373e-06,Saxophone
f8d96888.wav,Saxophone,0.013915754854679108,3.44732461599051e-06,0.005752819590270519,0.003605917328968644,7.788766197336372e-06,0.0026463011745363474,8.861554306349717e-06,0.9618946313858032,0.011064883321523666,0.0010994678596034646,Saxophone
d94c94f0.wav,Saxophone,0.0002331281575607136,9.773453712114133e-06,0.0017241310561075807,0.006863729562610388,1.5236818398989271e-05,0.00040815601823851466,0.0011712824925780296,0.9822316765785217,0.0013597070937976241,0.0059833345003426075,Saxophone
ec6afeb6.wav,Saxophone,1.0499653768647477e-07,1.0187618977586244e-11,3.752241173060611e-05,2.217708242824301e-06,0.0005955516826361418,0.008499686606228352,2.071472549047826e-09,0.9908294081687927,3.96946369107809e-08,3.5596804082160816e-05,Saxophone
5f0dc8e4.wav,Saxophone,1.9341858205734752e-05,9.853801937820608e-14,2.616031338220637e-07,1.9902167878171895e-06,1.9530364880893103e-08,2.1164576537557878e-05,1.857438697699254e-16,0.9999566078186035,1.0248633230958148e-07,6.22098411895422e-07,Saxophone
b8c0a88a.wav,Saxophone,4.726241604657844e-05,1.2079943165557716e-12,0.002867346163839102,2.5348939743707888e-05,3.6659428133134497e-06,0.022595694288611412,7.227035636603318e-11,0.9744191765785217,2.7952260950314667e-08,4.1491101001156494e-05,Saxophone
96dad435.wav,Saxophone,0.006769667379558086,1.214648492897652e-09,0.00013925485836807638,0.0011092936620116234,0.00013157911598682404,0.003528426866978407,2.8285104813896567e-10,0.9863940477371216,5.762726686953101e-07,0.0019272792851552367,Saxophone
b120dc90.wav,Saxophone,5.2338938985485584e-05,0.0008696101140230894,0.002719250973314047,0.00013861375919077545,0.007839917205274105,0.00015370351320598274,4.439414169610245e-06,0.9797394275665283,0.0004909897106699646,0.007991584949195385,Saxophone
c1948f24.wav,Saxophone,0.00015003162843640894,1.0439869129186263e-06,6.667551497230306e-05,0.00011113421351183206,0.0001712915691314265,0.0024306117556989193,3.990775780948752e-07,0.9970681667327881,8.973655951649562e-08,6.036730155756231e-07,Saxophone
ac097834.wav,Saxophone,2.2362195522873662e-05,6.50003428859236e-09,0.0051734265871346,0.004989707376807928,6.615796155529097e-05,0.009530717507004738,2.0760251118190354e-06,0.976269006729126,2.6188513402303215e-06,0.003943958319723606,Saxophone
4345851e.wav,Saxophone,0.008306789211928844,3.802757873927476e-06,0.006979003082960844,0.0005979566485621035,6.168991239974275e-05,0.013353554531931877,4.559791341307573e-05,0.9680472612380981,0.0006518446025438607,0.0019526788964867592,Saxophone
5d4f8187.wav,Saxophone,6.733400368830189e-05,0.00012553967826534063,0.004793839529156685,0.00023869572032708675,1.3872313502361067e-05,0.00031207784195430577,2.7279893402010202e-06,0.9941617846488953,4.7300145524786785e-06,0.0002794026513583958,Saxophone
b83049f4.wav,Saxophone,9.492703975411132e-05,8.747758693061769e-05,0.0009491711389273405,0.0013177411165088415,0.0019479014445096254,0.00019751099171116948,1.3752853078585758e-07,0.9952073693275452,1.1367067600076552e-05,0.00018654677842278033,Saxophone
c1c3c8b9.wav,Saxophone,0.00012997284648008645,1.7078801874959026e-06,0.0006311337347142398,2.450804288400832e-07,0.009838066063821316,0.00041634394438005984,2.7806279501163544e-09,0.9885433912277222,3.7048755174851067e-09,0.00043955803266726434,Saxophone
78a86075.wav,Saxophone,0.005370900966227055,4.8550435167271644e-05,0.013205403462052345,0.003043805481866002,4.982857353752479e-05,0.003502117469906807,1.9849596355925314e-05,0.9697124361991882,0.0003552105335984379,0.0046921041794121265,Saxophone
f0d315bc.wav,Saxophone,9.688930003903806e-05,8.583325694644373e-08,0.003759214887395501,0.004634231794625521,6.527723144245101e-06,0.010867015458643436,4.301591332023236e-07,0.9751052260398865,8.333340520039201e-05,0.005447127390652895,Saxophone
9c0838c1.wav,Saxophone,4.238123074173927e-05,8.499189425492659e-05,0.002822373528033495,0.0006264019175432622,0.00011440285015851259,0.007458828389644623,0.00023447501007467508,0.976351261138916,0.0100106755271554,0.002254401333630085,Saxophone
d6144e01.wav,Violin_or_fiddle,6.674869101885861e-09,2.3724308650420467e-15,3.1407598299892925e-08,2.6108671590918675e-05,9.639596412758245e-12,6.039988953432385e-09,2.5662023972472525e-07,9.676945182945929e-07,1.786239408829715e-05,0.9999548196792603,Violin_or_fiddle
cfb9c5fd.wav,Violin_or_fiddle,0.015641571953892708,0.017590034753084183,0.028457513079047203,0.007512813434004784,0.0012959092855453491,0.021933715790510178,0.001143347006291151,0.012336249463260174,0.06308882683515549,0.8309999108314514,Violin_or_fiddle
c6865306.wav,Violin_or_fiddle,0.042937807738780975,4.024456302431645e-06,0.08724275976419449,0.004017726518213749,0.0009310994646511972,0.012334826402366161,0.0001283167366636917,0.028888920322060585,0.012703136540949345,0.8108115792274475,Violin_or_fiddle
642aba58.wav,Violin_or_fiddle,0.00041630162741057575,4.498491509852265e-11,6.377214594976977e-05,5.387657438404858e-06,0.0002599876606836915,0.00024076362024061382,2.7594412865816764e-10,0.00045267469249665737,0.00035718054277822375,0.9982038736343384,Violin_or_fiddle
848faca3.wav,Violin_or_fiddle,0.00010793875117087737,4.7205827286234125e-05,0.00015007599722594023,0.0035245076287537813,3.107282282144297e-06,0.0004228069738019258,3.1364650112664094e-06,6.527044024551287e-05,0.0010912371799349785,0.9945845603942871,Violin_or_fiddle
7eb9dac0.wav,Violin_or_fiddle,0.0033429579343646765,0.0009226498077623546,0.006262506358325481,0.010296917520463467,0.0012595135485753417,0.0034849110525101423,0.003763308748602867,0.001033063163049519,0.058622635900974274,0.9110115170478821,Violin_or_fiddle
8d7d7dba.wav,Violin_or_fiddle,0.011179832741618156,0.00022620723757427186,0.025716939941048622,0.0018465555040165782,3.290757376817055e-05,0.005018615163862705,7.849871326470748e-05,0.028223790228366852,0.018168868497014046,0.9095078110694885,Violin_or_fiddle
2424ad60.wav,Violin_or_fiddle,0.0011267688823863864,0.003280224045738578,0.0029037788044661283,0.0016805619234219193,0.00045702725765295327,0.023949921131134033,3.9602266042493284e-05,0.004960958380252123,0.0007823319756425917,0.9608188271522522,Violin_or_fiddle
ba648ac1.wav,Violin_or_fiddle,0.0003464801993686706,4.0225662814918905e-05,0.0012383580906316638,0.001048040809109807,9.168778342427686e-05,0.0026151714846491814,1.2167886325187283e-06,0.00016832746041473,0.040067899972200394,0.9543825387954712,Violin_or_fiddle
2e4a9850.wav,Violin_or_fiddle,0.008680394850671291,2.5249428741401514e-14,1.2854189662903082e-05,6.570008963535656e-07,5.5682930488742954e-11,1.4186539374350104e-06,5.943716074874317e-10,1.2152843282819958e-06,2.0449091607588343e-05,0.9912829995155334,Violin_or_fiddle
2cc8683d.wav,Violin_or_fiddle,0.0008680379251018167,0.0005591175286099315,0.014832085929811,0.0058438656851649284,0.00016676778614055365,0.015688937157392502,0.0001035310051520355,0.0038373791612684727,0.017879614606499672,0.9402209520339966,Violin_or_fiddle
7b6a119e.wav,Violin_or_fiddle,1.210390473715961e-05,1.8901795005490246e-13,2.1726189913806593e-07,4.724245457055076e-07,9.802415545934196e-10,2.5142073354800232e-05,0.00016060959023889154,3.820441918378492e-07,2.5901132175931707e-05,0.9997751712799072,Violin_or_fiddle
68589f79.wav,Violin_or_fiddle,0.00028840501909144223,0.030048232525587082,0.015593967400491238,0.0032859076745808125,0.0020329037215560675,0.0019723698496818542,0.00011777041072491556,0.00026479887310415506,0.0007855301955714822,0.9456101059913635,Violin_or_fiddle
fec00143.wav,Violin_or_fiddle,5.779086131951772e-05,3.8727284845663235e-05,2.1984446902933996e-06,0.0031724560540169477,2.1039589626070665e-07,0.00019379195873625576,4.12308145314455e-06,0.000307272159261629,1.4229011867428198e-05,0.9962092041969299,Violin_or_fiddle
1b24c166.wav,Violin_or_fiddle,0.009131375700235367,0.014114017598330975,0.02691023051738739,0.028416231274604797,0.0008026736904866993,0.012137368321418762,0.001020536758005619,0.015515239909291267,0.0008894490310922265,0.89106285572052,Violin_or_fiddle
6eb59008.wav,Violin_or_fiddle,2.8855586151621537e-06,1.220712035144081e-13,3.364741303357732e-07,9.096322901314124e-05,2.3931722381576037e-08,0.0002720116463024169,4.651716167813902e-08,1.574092857481446e-05,0.0035200067795813084,0.9960980415344238,Violin_or_fiddle
0e7cd4eb.wav,Violin_or_fiddle,0.011607851833105087,0.0009016697877086699,0.032507624477148056,0.0027936771512031555,0.002721542725339532,0.0019581755623221397,4.7254026867449284e-05,0.0025019801687449217,0.017358576878905296,0.9276015162467957,Violin_or_fiddle
56e79c6f.wav,Violin_or_fiddle,0.0025828753132373095,1.011021474872642e-10,0.05296093970537186,0.00040857508429326117,6.030848908267217e-06,0.008743871934711933,0.004497352056205273,0.004323436878621578,0.006356459576636553,0.920120358467102,Violin_or_fiddle
cdc5fe8e.wav,Violin_or_fiddle,0.0014698170125484467,1.3183387636672705e-05,0.0014205604093149304,0.0003314931527711451,0.009662547148764133,0.010176309384405613,6.133900853910745e-08,0.024079155176877975,0.006170029751956463,0.9466768503189087,Violin_or_fiddle
b38409bb.wav,Violin_or_fiddle,2.6635533778573972e-09,2.0776064787834947e-14,2.7602952812344483e-08,6.49729699944146e-05,3.212822022313766e-11,2.005630449275486e-06,2.1185842413729006e-08,3.8879002204339486e-06,6.551452770509059e-06,0.9999225735664368,Violin_or_fiddle
c8c117dc.wav,Violin_or_fiddle,0.0055513265542685986,0.0012618377804756165,0.012968957424163818,0.00032235399703495204,2.7839259928441606e-05,0.005207136273384094,4.5332515583140776e-05,0.028993941843509674,0.12428931146860123,0.8213319778442383,Violin_or_fiddle
b73c3595.wav,Violin_or_fiddle,2.0916646192858934e-08,2.114235869710157e-12,1.6144643666393677e-07,1.660605994402431e-05,4.629659322574753e-09,1.3084662896289956e-05,2.8843361032926396e-09,1.8912992061359546e-07,8.515324225299992e-06,0.9999613761901855,Violin_or_fiddle
d84c8c43.wav,Violin_or_fiddle,0.0006191402208060026,0.002192095387727022,0.008947430178523064,0.0035092607140541077,0.00045164968469180167,0.0018584041390568018,0.00017528090393170714,0.000993859488517046,0.005042530130594969,0.9762102961540222,Violin_or_fiddle
d914225a.wav,Violin_or_fiddle,0.0030548670329153538,3.1097122246137587e-06,0.047140635550022125,0.0004480553907342255,0.0034977190662175417,0.00031319918343797326,6.792704425606644e-06,0.007099171169102192,1.9168955986970104e-05,0.9384172558784485,Violin_or_fiddle
1148986e.wav,Violin_or_fiddle,0.023177796974778175,1.5551253227386042e-06,0.04371720179915428,7.076835754560307e-05,0.006976055912673473,0.05354168638586998,1.2228163541294634e-05,0.002578004961833358,0.006078485865145922,0.8638461828231812,Violin_or_fiddle
e3f479f3.wav,Violin_or_fiddle,0.021545885130763054,2.601882442831993e-05,0.03710930049419403,0.0005257289158180356,0.0005550995119847357,0.0012131019029766321,0.006035923957824707,0.022856904193758965,0.01796349696815014,0.8921687006950378,Violin_or_fiddle
aab28420.wav,Violin_or_fiddle,0.00013596071221400052,0.013297750614583492,0.0058639198541641235,0.0005172741948626935,0.0007940823561511934,0.0030226942617446184,0.00035518480581231415,0.001180528081022203,0.02097008004784584,0.9538624882698059,Violin_or_fiddle
21346775.wav,Violin_or_fiddle,0.000774199899751693,0.00029609742341563106,0.008242442272603512,0.00021647982066497207,0.002263377420604229,0.001999655971303582,1.6717461903681397e-06,0.011906545609235764,0.002168060280382633,0.9721315503120422,Violin_or_fiddle
cdeece57.wav,Violin_or_fiddle,0.003267210442572832,0.0005713980062864721,0.007902647368609905,0.0004415265575516969,0.00041534125921316445,0.028127916157245636,1.4388975614565425e-05,0.0029105967842042446,0.00014278630260378122,0.9562063217163086,Violin_or_fiddle
c9fb642d.wav,Violin_or_fiddle,0.004923778120428324,0.0005089813494123518,0.01944642700254917,0.003378597553819418,0.00023055507335811853,0.009808622300624847,3.148559471810586e-06,0.022206926718354225,0.007010515779256821,0.9324824213981628,Violin_or_fiddle
078f7ac0.wav,Hi-hat,2.730393910965745e-09,7.571211939966444e-16,1.2427966433747883e-09,1.0134280220563952e-10,3.602175744238942e-15,1.1606022098931135e-06,0.9999986886978149,1.454250053711803e-09,1.1083404416467602e-07,1.1382871034637532e-10,Hi-hat
e897db78.wav,Hi-hat,1.3461958303651045e-07,7.723459825662749e-19,8.93037900573379e-12,4.0578768123467057e-10,2.207032096684415e-14,6.858667279951991e-12,0.9999998211860657,1.490935552794781e-08,3.0498197300943275e-09,3.3657318709856554e-08,Hi-hat
b31ed1fb.wav,Hi-hat,0.00018199352780357003,2.5948889914519276e-14,7.392837453323864e-09,2.0833596181546454e-08,1.4609577687430073e-15,4.13304878748022e-05,0.9682713747024536,6.0587872212636285e-06,0.03149733692407608,1.8850437299988698e-06,Hi-hat
06c48eab.wav,Hi-hat,7.713439345025108e-07,3.887274616781733e-12,1.3528107047022786e-05,3.47610779272145e-07,1.3488559158503222e-09,0.0010209250031039119,0.9988266825675964,2.4704673705855384e-05,2.858659172488842e-05,8.451055327896029e-05,Hi-hat
2503aaa1.wav,Hi-hat,4.779900780738089e-11,1.088142860923707e-16,8.14353376399346e-11,1.2814420358164824e-10,1.647902056782155e-13,6.720337637489138e-07,0.9999987483024597,5.529295208361873e-07,6.850380818157475e-10,1.228213641901732e-09,Hi-hat
3d3439f1.wav,Hi-hat,3.0134274311421905e-06,1.0709406474689318e-17,5.1874021571307605e-12,7.450869921044045e-10,5.775606636828842e-14,1.1279817357934263e-10,0.9999969601631165,5.896137800220913e-09,5.503902045234099e-08,4.895127858617343e-08,Hi-hat
34a90030.wav,Hi-hat,8.64003053130391e-12,2.794348458102136e-19,2.0107277388242695e-13,4.895131175408629e-12,6.924516843116567e-17,1.4235060612904915e-12,1.0,3.9948719887661355e-09,1.7353482474787019e-13,1.676320748877913e-10,Hi-hat
da4b0379.wav,Hi-hat,5.052959786699951e-12,6.0530589017340535e-25,9.805343394666426e-17,5.507591344794394e-12,6.34399346557491e-19,1.3091386325957566e-14,1.0,5.855648539838942e-13,1.4800955600025034e-12,4.006649612781077e-12,Hi-hat
a090c45a.wav,Hi-hat,2.3290111159091076e-11,1.9528104134958886e-20,1.0484858424184007e-14,1.2304000873708532e-10,1.960721263076013e-16,1.3544971351128754e-12,1.0,1.4564514871917567e-10,1.8845798255284762e-09,5.95845725190336e-12,Hi-hat
41897c32.wav,Hi-hat,9.113261256743499e-10,6.049476486763507e-16,5.857307260742628e-12,8.891669267541147e-08,8.575188085654939e-14,5.451122220279103e-09,0.9999847412109375,1.4330835256259888e-05,5.433839191937295e-07,2.494117268270202e-07,Hi-hat
2032be87.wav,Hi-hat,3.590510874729169e-11,8.551991389592198e-16,1.0246397480484504e-10,6.965198418029672e-10,5.629546308283384e-13,5.01870545122074e-07,0.9999963045120239,3.209729129594052e-06,7.721911998714859e-09,9.61836832402696e-10,Hi-hat
73677128.wav,Hi-hat,5.539395236454393e-14,1.7990794621084052e-21,1.9950142612131655e-13,2.779504870622368e-13,1.804291350725987e-17,6.993005480238068e-11,1.0,7.75957249843362e-12,1.3702214363142673e-10,3.8302770243719975e-13,Hi-hat
c53a217e.wav,Hi-hat,1.0603075492263137e-12,6.800324607692345e-17,2.1150034848482768e-11,8.788340194465505e-11,2.1437738465922979e-13,1.271849555450899e-06,0.9999986290931702,4.413192655761122e-08,1.4014063687284306e-08,1.8404688884032794e-10,Hi-hat
f0dfe343.wav,Hi-hat,1.558218656327881e-07,5.409549761262178e-13,2.0028226117574377e-06,4.607109440257773e-05,8.552471086886726e-08,0.0019587394781410694,0.9963056445121765,0.0015304177068173885,7.179734211604227e-07,0.00015612404968123883,Hi-hat
0ed06544.wav,Hi-hat,2.142686250650172e-09,2.4039836893602166e-14,2.745954574834286e-09,2.9523994360403094e-09,5.4359394589809096e-12,3.829109118669294e-06,0.9995142817497253,0.0004817588778678328,7.338520902067103e-08,4.683840515440352e-08,Hi-hat
99c96a07.wav,Hi-hat,3.839622877421789e-05,1.7731351109606663e-11,6.069595315238985e-08,1.505910972809943e-06,5.7220211208131033e-11,6.17247280843003e-07,0.8013911247253418,6.518197892546596e-07,0.19856756925582886,3.22932045548896e-08,Hi-hat
3a3d0279.wav,Hi-hat,3.1916951304111763e-09,2.91308874869396e-20,3.8748488467334197e-13,7.215272268545903e-10,7.325069459450265e-16,1.1624945797650277e-12,1.0,2.0632129338338245e-09,6.8197540947778634e-09,4.111933848971461e-10,Hi-hat
612702c3.wav,Hi-hat,1.7310227687014623e-12,7.570966829807332e-14,2.2879658168051265e-09,8.924930057219171e-07,1.6440840008846713e-11,3.2371856377721997e-06,0.9999957084655762,1.1041479552886813e-07,1.227768321038214e-11,1.0418033014047978e-07,Hi-hat
d6854eb4.wav,Hi-hat,0.004576563835144043,0.004030447453260422,0.0028139050118625164,0.001545802690088749,7.85287375038024e-06,0.0007358504226431251,0.8488156199455261,0.03815336152911186,0.09620553255081177,0.003115047002211213,Hi-hat
52300f9b.wav,Hi-hat,5.150728578189306e-15,1.906139751414911e-22,1.2903132141699555e-16,1.0360362741324014e-11,4.501706628066581e-19,1.2227485690630147e-09,1.0,2.7592050822963787e-13,2.3189788631028385e-11,2.217828004580369e-10,Hi-hat
09a1cfd7.wav,Hi-hat,6.723223644478082e-10,9.357164282921824e-19,1.464474700361984e-12,3.5809585852142334e-10,1.0244375394304907e-15,1.2870890984950645e-11,1.0,1.6536354507934448e-09,4.141789133882412e-08,8.598894374323152e-10,Hi-hat
3aafb6ad.wav,Hi-hat,2.8565096954480396e-08,1.5538106056819874e-16,4.627055683048553e-12,2.6286394927410583e-07,1.222354093215628e-14,2.5119784368143883e-06,0.9999756813049316,8.351705105269502e-08,4.005206847068621e-06,1.7470934835728258e-05,Hi-hat
493c247b.wav,Hi-hat,8.82467099394546e-10,1.2155578184842148e-15,1.8141997626397455e-10,4.39805664109727e-10,9.392580978392559e-14,7.451221861742852e-09,0.9999991655349731,1.5871754044383124e-07,6.597367132599175e-07,7.567019788545792e-10,Hi-hat
5ec7ad26.wav,Hi-hat,5.411407144606528e-08,6.516220757458188e-16,4.026182165439707e-11,5.642827316520993e-10,6.686540427250365e-14,1.7837336052650699e-09,0.9999910593032837,7.642405819296982e-09,8.415179763687775e-06,4.6149114041327266e-07,Hi-hat
a1b369d7.wav,Hi-hat,1.4623805638658283e-11,1.6305913630237315e-17,1.5370552595463105e-13,1.4157955918747689e-09,1.983280212150898e-15,4.9947657121407474e-11,0.9999996423721313,3.8399130630750733e-07,3.0717487220499606e-08,1.1867566929169016e-09,Hi-hat
8cd809d3.wav,Hi-hat,9.026589475880087e-10,8.785349834769529e-14,3.1633852870527335e-08,9.851066351984628e-06,4.341429125920282e-12,2.294388468726538e-05,0.9975801706314087,7.195275247795507e-05,0.0023137005046010017,1.435738795407815e-06,Hi-hat
aed9d22f.wav,Hi-hat,3.9861047795852755e-09,1.248698280192917e-11,2.528174114502235e-09,2.141898391982977e-07,2.2951598399600925e-09,9.334066999144852e-05,0.9998360276222229,2.7733962269849144e-05,4.0692109905648977e-05,1.938275318025262e-06,Hi-hat
a7964699.wav,Hi-hat,5.329568963929887e-08,1.0460812561709776e-16,9.134237255459254e-10,1.262338997776169e-07,1.2218122462392695e-14,0.00015612544666510075,0.9997732639312744,5.729853000957519e-07,9.538135600450914e-06,6.035602928022854e-05,Hi-hat
da3f8050.wav,Hi-hat,1.4411129996005911e-06,2.049328155090402e-12,6.182795573295152e-07,1.4898311064825975e-06,1.728970633330107e-09,0.00027732798480428755,0.9897134304046631,0.009995812550187111,5.161061835678993e-06,4.792883373738732e-06,Hi-hat
468f9c4c.wav,Hi-hat,3.788790763792349e-06,6.543760644461827e-09,6.901961751282215e-05,1.3235662663646508e-05,5.179502409191628e-07,0.00013057612522970885,0.9982988238334656,0.0009171956917271018,0.0004432920250110328,0.00012368502211757004,Hi-hat
229be2be.wav,Snare_drum,1.1253358024987392e-05,6.746553836423086e-12,1.8318813133078038e-08,1.9404418349910912e-10,9.104007695284744e-13,2.045378533210851e-09,1.0145694773200375e-07,2.6695181620794983e-09,0.9999887943267822,2.946289878735797e-09,Snare_drum
b6cbc6a9.wav,Snare_drum,1.6978385701804655e-06,2.7238095112736005e-10,2.0030935132808736e-08,8.447697297242485e-08,2.575683874625652e-14,1.4057484065688186e-08,1.6854359046192258e-06,1.7680111341178417e-05,0.9999788403511047,3.694409755894412e-08,Snare_drum
ae7d1c37.wav,Snare_drum,0.001003920566290617,4.87133661408734e-07,0.001933807390742004,9.658006092649885e-06,1.3627511918912205e-07,0.00037956851883791387,4.882484518020647e-06,0.01009594276547432,0.9860304594039917,0.0005412429454736412,Snare_drum
82d4fb44.wav,Snare_drum,3.600033267048275e-07,5.451880369378159e-08,0.00035962279071100056,2.9394600642440594e-10,1.0088623270121388e-08,1.2693865301116602e-06,2.4210166316152026e-07,1.0734936950029805e-05,0.9995974898338318,3.027561069757212e-05,Snare_drum
4c590f69.wav,Snare_drum,0.00020891257736366242,3.2302391872462977e-08,1.1380392606952228e-05,2.6548918867774773e-06,1.333780641488147e-09,6.249818397918716e-05,3.271534581017477e-07,4.4044925743946806e-05,0.9996587038040161,1.1452498256403487e-05,Snare_drum
1c9a423f.wav,Snare_drum,1.7704120836015136e-08,7.624930206998495e-18,3.116909752520769e-08,9.766418784806774e-09,1.147651557679752e-16,4.156304385105614e-06,1.3955218274366854e-12,3.474394105751344e-08,0.9999948740005493,9.535016260997509e-07,Snare_drum
f0727eac.wav,Snare_drum,2.794567137698323e-07,1.3140548545120811e-11,1.2148581030047012e-09,6.345376647216719e-15,3.300638620880783e-18,1.8541494739565678e-07,6.196593016483121e-09,8.647613292112055e-09,0.9999995231628418,8.367000668696445e-12,Snare_drum
31db8c5e.wav,Snare_drum,6.390357157215476e-06,2.5424837346577078e-08,0.0016556275077164173,1.4935226317902561e-06,1.391181558574317e-05,1.256273844774114e-05,1.484891527070431e-06,5.909439551032847e-06,0.9978107810020447,0.0004917791811749339,Snare_drum
b86b5a96.wav,Snare_drum,2.7640521693683695e-06,3.085959221493795e-08,1.5423488264332263e-08,6.957305842547612e-10,3.538689827276009e-11,1.4650512412117678e-06,2.819200517478748e-07,2.4764494810369797e-07,0.9999947547912598,4.553396024675749e-07,Snare_drum
6fca680b.wav,Snare_drum,0.00035248935455456376,0.00010691465286072344,0.0009747770382091403,0.00020145326561760157,0.0014999934937804937,9.139094618149102e-05,7.806149369571358e-06,0.000738582806661725,0.9958193302154541,0.00020724839123431593,Snare_drum
1bc8eae1.wav,Snare_drum,0.00027776433853432536,5.409805936551493e-08,5.661204340867698e-07,2.7443396444226664e-09,5.962759730415712e-10,2.3232351509250293e-07,5.2423178686922256e-08,2.241641183786669e-08,0.9997211694717407,2.3028016471471346e-07,Snare_drum
46b52f97.wav,Snare_drum,7.601102424814599e-06,3.239595744441992e-11,2.4419476218895397e-08,5.324822609509283e-07,1.0857869711298172e-14,4.4990080994011805e-08,9.043469617608935e-08,2.509079877199838e-07,0.9999802708625793,1.1222735338378698e-05,Snare_drum
0c67f402.wav,Snare_drum,4.974554030923173e-07,1.0674675650079735e-06,2.6457552593228684e-08,8.28453572410126e-09,1.3197750184379409e-11,1.303459100654436e-07,1.5653122318326496e-06,8.969162990979385e-06,0.9999874234199524,4.989651074538415e-07,Snare_drum
c8ecbbfd.wav,Snare_drum,5.56106840576831e-07,2.7867707785844686e-07,1.7171603758470155e-05,1.8575047988633742e-06,1.731504085000779e-06,1.4577185538655613e-05,2.0067389527866908e-08,9.583692417436396e-08,0.9999637603759766,9.22717013907004e-10,Snare_drum
9f84ea5a.wav,Snare_drum,0.00983058474957943,2.9327541284374092e-08,0.11079683899879456,0.0001460862549720332,0.020571619272232056,0.0027748735155910254,2.3013907224367358e-08,5.026184908274445e-07,0.8557682037353516,0.00011125065793748945,Snare_drum
e4958adc.wav,Snare_drum,5.725108849219396e-07,1.1792413801003931e-07,0.00014381743676494807,1.9078797777183354e-06,8.60869275171039e-12,2.3112457725460445e-08,1.693438989036622e-08,1.411348335977891e-07,0.9998533725738525,1.7887708736452623e-07,Snare_drum
5ce40b1b.wav,Snare_drum,1.1061024451919366e-05,2.8047164590816465e-08,1.0350040469120358e-07,2.4158339773094895e-09,6.817196807062942e-10,9.283164814632983e-08,4.020134269921982e-08,2.511224693080294e-06,0.999984085559845,2.2349013306666166e-06,Snare_drum
9d308738.wav,Snare_drum,9.916691396938404e-07,1.2650632763566705e-09,1.4970552001614124e-05,2.3306965732383667e-11,2.880843827379742e-11,2.0227274944772944e-05,1.7243668537503254e-07,3.3313865515083307e-06,0.9999595880508423,6.94218158514559e-07,Snare_drum
1e3391d5.wav,Snare_drum,8.404549589613453e-05,4.00140015699435e-06,4.2594137994456105e-07,0.01666445843875408,3.0390787109091377e-10,2.1374708580879087e-07,2.755365180462377e-08,5.920794137637131e-05,0.9831838607788086,3.9390361052937806e-06,Snare_drum
ff3f21e7.wav,Snare_drum,3.955835381930228e-06,2.424838214665215e-07,2.036318983300589e-05,1.0440181341664356e-07,5.698279070820433e-10,2.523702096368652e-05,1.6152205262187636e-07,0.0005939577240496874,0.9987696409225464,0.0005863052792847157,Snare_drum
b68f10af.wav,Snare_drum,0.0008032009936869144,4.952579547534697e-05,0.0003150364791508764,3.3226424420718104e-05,1.3380524251260795e-05,0.0077440799213945866,0.00022004796483088285,0.0023338808678090572,0.9874387979507446,0.0010489878477528691,Snare_drum
e8e00924.wav,Snare_drum,4.8357971536461264e-05,5.127822805661708e-05,1.883019109527595e-07,1.3915875562986457e-08,1.6210808251315711e-09,2.3734628484817222e-05,1.182561845780583e-06,0.00017776720051188022,0.9996731877326965,2.437356670270674e-05,Snare_drum
22e1c02c.wav,Snare_drum,4.070820523338625e-06,1.9642595816549147e-06,0.0002895611396525055,1.273209932151076e-06,2.7026733732782304e-05,5.00271562486887e-05,6.616030532313744e-06,4.3936986912740394e-05,0.999230146408081,0.0003454331308603287,Snare_drum
5c33d972.wav,Snare_drum,0.004775959067046642,0.003165766131132841,0.01089814305305481,0.01113527175039053,0.002019367879256606,0.004101596772670746,0.00019981060177087784,0.0002135124959750101,0.959634006023407,0.003856611205264926,Snare_drum
9320c55f.wav,Snare_drum,1.4309816833701916e-05,1.3648942740474013e-06,0.0006552856648340821,5.308414756655111e-07,1.1359288265566647e-07,0.0002452055341564119,1.3486078387359157e-06,0.00010545700206421316,0.9986975193023682,0.00027883335133083165,Snare_drum
f1754aea.wav,Snare_drum,2.332872327315272e-06,3.195423232682515e-07,3.613547789882432e-07,2.9837533332965904e-08,1.788132003577303e-10,5.666175866281264e-07,9.223561505677935e-07,1.4770276379749703e-07,0.9999954104423523,3.01493763288363e-08,Snare_drum
b218444c.wav,Snare_drum,0.00017936064978130162,9.302473699790426e-06,0.0011918708914890885,0.0012596677988767624,1.3662856872542761e-05,0.00012438742851372808,1.0359123052694486e-06,0.0008409690344706178,0.9953440427780151,0.0010358087019994855,Snare_drum
36d06cc0.wav,Snare_drum,1.3227100907897693e-06,4.293912425623603e-08,8.901951953355081e-10,5.68361913089177e-10,1.240176174645627e-13,2.331882242856409e-09,3.6464218311493823e-09,2.3527450139226858e-06,0.9999961853027344,1.6750770726048358e-07,Snare_drum
4c4d4797.wav,Snare_drum,0.0003529186069499701,5.606405562019745e-09,1.5819745158296428e-06,7.410849502775818e-05,1.4993479453551117e-06,2.2603205707127927e-06,9.514371299701452e-07,0.0001443536311853677,0.9994174838066101,4.846264346269891e-06,Snare_drum
cae0d841.wav,Snare_drum,1.0496468348719645e-05,4.557894877087231e-15,3.001607865371625e-06,1.8344742613862763e-07,1.621451410638297e-11,6.807676254538819e-05,4.272876275024373e-09,2.6544356046542816e-08,0.9999093413352966,8.88133672560798e-06,Snare_drum
17f82c05.wav,Acoustic_guitar,0.65398108959198,0.010960602201521397,0.12409704178571701,0.00445651076734066,0.06619233638048172,0.00975592341274023,0.00042010366450995207,0.00891590304672718,0.05116904899477959,0.07005129754543304,Acoustic_guitar
0eeaebcb.wav,Acoustic_guitar,0.9395853877067566,2.879856797477487e-09,0.021501922979950905,0.010540567338466644,0.0005957573303021491,0.02703944966197014,3.25826903235793e-08,0.00047652149805799127,8.292828715639189e-05,0.00017742985801305622,Acoustic_guitar
e92bf0fa.wav,Acoustic_guitar,0.9736701250076294,2.4627933026266646e-10,0.02037784829735756,1.7470732927904464e-05,0.0007778334547765553,0.003712200094014406,2.5782999273360474e-06,0.00011208555224584416,3.776446101255715e-05,0.001292097382247448,Acoustic_guitar
10da16fb.wav,Acoustic_guitar,0.8876713514328003,7.452305084143518e-08,0.004927248694002628,0.0013280463172122836,0.00016005134966690093,0.062472935765981674,1.7988792677670062e-08,0.0077328914776444435,0.01217584777623415,0.023531613871455193,Acoustic_guitar
a25423a8.wav,Acoustic_guitar,0.935366153717041,0.0005465273279696703,0.009146356023848057,0.014024554751813412,0.026065045967698097,0.0026816404424607754,1.2830400919483509e-05,0.008879180066287518,0.002553846687078476,0.0007237846730276942,Acoustic_guitar
16c9a838.wav,Acoustic_guitar,0.9647390246391296,1.332568757561603e-07,0.0023175172973424196,0.019634686410427094,0.0003177532635163516,0.010673747397959232,3.202649034861338e-09,0.00047898440971039236,4.500697286857758e-06,0.0018337407382205129,Acoustic_guitar
70ca9c77.wav,Acoustic_guitar,0.8711052536964417,2.040390609181486e-05,0.018386980518698692,0.01145147904753685,0.08610091358423233,0.009807616472244263,6.127431788627291e-07,7.556541095254943e-05,0.0029992784839123487,5.190669617149979e-05,Acoustic_guitar
38216fad.wav,Acoustic_guitar,0.9525971412658691,0.0011335432063788176,0.0215128343552351,0.0007667227764613926,0.0005553365917876363,0.004446832928806543,5.965549917164026e-06,0.002769369864836335,0.010482770390808582,0.005729432683438063,Acoustic_guitar
d8a257e5.wav,Acoustic_guitar,0.8865689039230347,0.004319604020565748,0.015954555943608284,0.017327789217233658,0.0020637137349694967,0.00745583837851882,0.00033429657923989,0.005535043776035309,0.043409813195466995,0.017030421644449234,Acoustic_guitar
7506dcc4.wav,Acoustic_guitar,0.9603273272514343,6.676348789369513e-07,0.0008189160143956542,0.006044590845704079,0.010479484684765339,0.0006119514582678676,1.572189205489849e-07,0.021379444748163223,0.00022032727429177612,0.00011696638830471784,Acoustic_guitar
a6728901.wav,Acoustic_guitar,0.9984197616577148,3.667838168602833e-12,0.00018476767581887543,9.969362224637734e-08,1.2629156117327511e-05,0.0008942919666878879,1.4421680516463198e-09,1.4481202924798708e-05,5.645620859695555e-08,0.0004740088770631701,Acoustic_guitar
b88322f6.wav,Acoustic_guitar,0.9731197953224182,0.0038624252192676067,0.01571981981396675,0.0003194139862898737,0.0003509008092805743,0.0057043046690523624,9.663237506174482e-06,0.000738469825591892,3.495414421195164e-05,0.00014026679855305701,Acoustic_guitar
35039ae1.wav,Acoustic_guitar,0.9601861834526062,3.6552716409232744e-08,0.013278454542160034,1.3007914958507172e-06,5.907073136768304e-05,0.02283550798892975,3.7992488159943605e-06,0.0008421227103099227,1.294664230044873e-06,0.0027922270819544792,Acoustic_guitar
236cbab1.wav,Acoustic_guitar,0.8704150319099426,0.001954130595549941,0.013740305788815022,0.015343310311436653,0.053293418139219284,0.0017604698659852147,8.501162483298685e-06,0.016207315027713776,0.02277887798845768,0.004498681984841824,Acoustic_guitar
0356dec7.wav,Acoustic_guitar,0.8934719562530518,0.00039893187931738794,0.03452898561954498,0.0005423668189905584,5.748151306761429e-05,0.004977289587259293,1.0711036338761915e-05,0.0212541576474905,0.02495632879436016,0.01980186067521572,Acoustic_guitar
bb1f5874.wav,Acoustic_guitar,0.9870932698249817,1.2472020216591773e-07,0.008360320702195168,2.0211356968502514e-05,0.00128477334510535,0.0008486259030178189,2.6326097213313915e-06,2.8677737645921297e-05,0.002214029897004366,0.00014745263615623116,Acoustic_guitar
34747922.wav,Acoustic_guitar,0.9274637699127197,6.631176163729435e-10,0.004984613507986069,0.0008101643761619925,4.870659176958725e-05,0.0317988283932209,1.3157418834452983e-05,0.019741065800189972,1.518342560302699e-05,0.015124478377401829,Acoustic_guitar
44fb3eeb.wav,Acoustic_guitar,0.989594578742981,3.7422648802021286e-07,7.406915392493829e-05,5.006948867958272e-06,2.2478859591501532e-06,0.0023101719561964273,3.830610134647472e-11,0.0008738336036913097,2.9295381409610854e-06,0.0071367304772138596,Acoustic_guitar
367ad7b1.wav,Acoustic_guitar,0.8972254991531372,2.246655981252843e-07,0.012037333101034164,0.0014099999098107219,0.06769192963838577,0.00041050027357414365,1.2293099871385493e-06,0.008192832581698895,0.007027949206531048,0.006002441048622131,Acoustic_guitar
160c92d7.wav,Acoustic_guitar,0.9554893374443054,1.3526434416988309e-09,0.004219723865389824,0.00013732541992794722,0.0001831985719036311,0.037186149507761,4.0411032853349127e-10,0.0005741066997870803,0.00025232613552361727,0.0019577115308493376,Acoustic_guitar
2016d256.wav,Acoustic_guitar,0.9625755548477173,7.273803954988e-15,1.5433940916409483e-06,0.009016351774334908,0.00017857707280199975,6.261713861022145e-05,1.9878220028140756e-14,0.028129320591688156,7.552093705953666e-08,3.600450145313516e-05,Acoustic_guitar
fc55d588.wav,Acoustic_guitar,0.941801130771637,4.529768557404168e-05,0.02481369487941265,0.002312555443495512,0.00507932435721159,0.012069535441696644,6.602574558201013e-06,0.007266764994710684,0.003411047626286745,0.0031940762419253588,Acoustic_guitar
c7846d27.wav,Acoustic_guitar,0.9044952988624573,9.750135143704597e-10,0.01365415845066309,0.00025215765344910324,6.739166735769686e-08,0.07831552624702454,8.22577739256758e-09,2.6978086680173874e-05,5.04872957662883e-07,0.003255353309214115,Acoustic_guitar
55822aae.wav,Acoustic_guitar,0.8479613065719604,1.00780507636955e-05,0.08675386011600494,0.003380651120096445,0.0441506952047348,0.014477701857686043,5.352224434318487e-06,0.0008917232044041157,0.001678639673627913,0.000690148794092238,Acoustic_guitar
9923ddf8.wav,Acoustic_guitar,0.9999889731407166,9.760343487213592e-19,1.5605093883763743e-09,1.0306124750059098e-05,1.0388245168593824e-13,8.534254902770044e-08,1.0831924550022687e-12,3.4535765913723537e-10,3.735179665564914e-10,6.935178475941939e-07,Acoustic_guitar
32dee61b.wav,Acoustic_guitar,0.9278351068496704,0.01232929527759552,0.02760433219373226,0.002888735383749008,0.002890757517889142,0.0011325853411108255,2.3861943191150203e-05,0.011847568675875664,0.00023520944523625076,0.013212492689490318,Acoustic_guitar
fa4d4a92.wav,Acoustic_guitar,0.8305345773696899,1.6631787730148062e-05,0.012244698591530323,0.0030858616810292006,0.15282303094863892,0.0005192245589569211,1.275341219297843e-06,7.61562041589059e-05,0.000656412448734045,4.221199924359098e-05,Acoustic_guitar
8da75280.wav,Acoustic_guitar,0.8385084271430969,1.5892655937932432e-06,0.02329777181148529,0.02879430539906025,0.09297309070825577,0.0033032959327101707,1.0179857099501533e-06,0.008029418997466564,0.0037250604946166277,0.0013658424140885472,Acoustic_guitar
b2261238.wav,Acoustic_guitar,0.9098671674728394,4.493663396942793e-08,0.010232936590909958,0.0015984789934009314,0.0035635712556540966,0.011774016544222832,0.00010910224227700382,0.013572053983807564,0.0451793372631073,0.004103341605514288,Acoustic_guitar
673defaf.wav,Acoustic_guitar,0.9994041919708252,3.66339814386607e-12,0.0002522115537431091,1.0804533303598873e-06,4.3629919121990213e-10,1.5614057701895945e-05,9.737548367638738e-08,5.5205764510901645e-05,1.3642825251736213e-05,0.0002580169530119747,Acoustic_guitar
e6597186.wav,Double_bass,0.3254246711730957,5.5363452702295035e-06,0.04502785578370094,0.0005468889139592648,0.6280778646469116,0.0003231273149140179,1.9539552909009217e-07,0.00016416737344115973,6.216796464286745e-05,0.00036743460805155337,Double_bass
fcfafbc8.wav,Double_bass,0.006315227597951889,0.0024138404987752438,0.06848873198032379,1.296604659728473e-05,0.9227386713027954,1.0343015674152412e-05,2.1228585111998655e-08,3.213307024907408e-07,9.696680535853375e-06,1.0329996257496532e-05,Double_bass
444f9db5.wav,Double_bass,2.6903284378931858e-05,2.2719721215480604e-08,0.0005009038140997291,3.134406506433152e-05,0.9994015693664551,1.70489192896639e-06,2.124149120485974e-11,1.91949111467693e-05,5.572664576902753e-06,1.2793892892659642e-05,Double_bass
19893aa8.wav,Double_bass,0.02788356877863407,0.013494781218469143,0.028188636526465416,0.016405411064624786,0.8793759942054749,0.027200106531381607,0.002308283466845751,7.539235957665369e-05,0.0035678318236023188,0.001500101643614471,Double_bass
f042282c.wav,Double_bass,0.036232996731996536,0.01605238951742649,0.0630715861916542,0.0026884404942393303,0.8568585515022278,0.00497429771348834,0.0005378345958888531,0.00024670097627677023,0.01719559356570244,0.002141700591892004,Double_bass
95e1d0ae.wav,Double_bass,0.03260228410363197,0.0037894807755947113,0.12933416664600372,0.010941194370388985,0.8045835494995117,0.0020109843462705612,5.5334632634185255e-05,0.002351761097088456,0.007927900180220604,0.006403294391930103,Double_bass
595c191d.wav,Double_bass,0.0014670772943645716,9.8644413810689e-05,0.0009634346351958811,1.768183665262768e-06,0.9971891045570374,0.0001339002192253247,1.0252874105276533e-08,3.004758218594361e-05,3.8067651075834874e-07,0.00011568065383471549,Double_bass
8073923c.wav,Double_bass,0.3301442265510559,0.00010874438157770783,0.0384802408516407,0.002172330627217889,0.6107926368713379,0.0009474995313212276,5.280459731693554e-07,8.019212691579014e-05,0.017200760543346405,7.283801096491516e-05,Double_bass
6efbaf90.wav,Double_bass,0.013641114346683025,0.00526170851662755,0.10656194388866425,0.0006858269916847348,0.8696292638778687,0.00015959187294356525,3.3488213375676423e-06,7.201956123026321e-06,0.0002953425282612443,0.003754571545869112,Double_bass
642ad7e4.wav,Double_bass,0.02921420708298683,0.0005360947106964886,0.04240443930029869,6.117420707596466e-05,0.9192631840705872,0.00012967399379704148,1.1889696907019243e-06,0.0001885512174339965,0.0005231684190221131,0.007678364869207144,Double_bass
5eadbc6d.wav,Double_bass,0.03750406578183174,0.0007514362223446369,0.02638067677617073,0.0044655282981693745,0.8707637786865234,0.0036541686858981848,4.2969153582816944e-05,0.014921753667294979,0.006097906734794378,0.03541768714785576,Double_bass
1a7d3f2d.wav,Double_bass,0.10540226101875305,8.150313078658655e-05,0.19858965277671814,0.0004953627358190715,0.6687857508659363,0.00038527202559635043,6.08857874340174e-07,8.904215064831078e-05,0.025169115513563156,0.0010013491846621037,Double_bass
13da16ae.wav,Double_bass,0.0003613325534388423,0.0005537340766750276,0.0010069288546219468,0.0006530690588988364,0.9974212646484375,2.7907097432944283e-07,4.966721478538716e-10,5.642669975713943e-07,2.440588673380262e-07,2.395692717982456e-06,Double_bass
103f29e5.wav,Double_bass,7.522504893131554e-05,5.2652376325568184e-06,7.232902135001495e-05,1.0038385198640754e-06,0.998641312122345,9.957809379557148e-05,8.237507898023466e-10,3.3076550607802346e-05,5.553006758418633e-06,0.0010667667957022786,Double_bass
da8ea649.wav,Double_bass,0.01040160097181797,0.02208949811756611,0.006221429444849491,9.201533248415217e-05,0.9611502289772034,4.195437668386148e-06,1.2872308552402956e-08,2.0983104604965774e-06,2.1687246771762148e-05,1.728327879391145e-05,Double_bass
ca348cbb.wav,Double_bass,0.1295694261789322,8.188378160411958e-06,0.04704241827130318,6.854462117189541e-05,0.8232992887496948,7.637600901944097e-06,3.9652889860519736e-09,4.6519033958247746e-07,2.5608387659303844e-06,1.5294853028535726e-06,Double_bass
8ce2e863.wav,Double_bass,3.1669227610109374e-05,5.892890112590976e-05,0.0016971697332337499,1.7091650079237297e-05,0.9981935024261475,1.2506091024988564e-06,2.7863671439587456e-11,4.86676166033817e-09,9.687758151244452e-09,4.880977826360322e-07,Double_bass
462b676f.wav,Double_bass,0.0018602556083351374,0.019690562039613724,0.00219856109470129,0.009762343019247055,0.9324319958686829,0.0018702042289078236,1.8627155213835067e-06,0.0012557230656966567,0.007732233963906765,0.02319631353020668,Double_bass
b428466c.wav,Double_bass,0.007764655631035566,0.0031756071839481592,0.006710028741508722,0.00010622839909046888,0.9819172024726868,3.144242873531766e-05,1.9892884495220642e-07,7.379326689260779e-06,3.656708031485323e-06,0.0002836183412000537,Double_bass
4fd883bb.wav,Double_bass,0.14306093752384186,0.0011736465385183692,0.008258185349404812,0.0009323289850726724,0.846298098564148,4.256868123775348e-05,4.1554681473598976e-08,9.884274732030462e-06,0.00021264984388835728,1.1670979802147485e-05,Double_bass
2ac8b94f.wav,Double_bass,0.006243218667805195,1.4919633940735366e-05,0.05286360904574394,1.707935552985873e-05,0.9198912382125854,0.020828193053603172,1.7807147742132656e-05,7.900111995695625e-06,8.13300212030299e-05,3.4565735404612496e-05,Double_bass
c840804f.wav,Double_bass,0.03536881133913994,0.0021688106935471296,0.08743316680192947,0.0005208304501138628,0.8713639974594116,0.0004191024345345795,1.5112352684809593e-06,0.00010287765326211229,5.050088293501176e-05,0.0025704067666083574,Double_bass
f63f3703.wav,Double_bass,0.004268915858119726,0.01364802848547697,0.05879665166139603,0.004128982778638601,0.9113109111785889,0.0008732700371183455,6.716758207403473e-07,2.186815981986001e-05,4.367857036413625e-05,0.0069070118479430676,Double_bass
c0ddf010.wav,Double_bass,0.03482876345515251,0.021015523001551628,0.062362704426050186,0.00033990657539106905,0.8569836616516113,0.0010957360500469804,5.112138751428574e-05,0.00023810111451894045,0.000933962466660887,0.02215060405433178,Double_bass
a0cbe92e.wav,Double_bass,0.00984614621847868,0.010451720096170902,0.0277564637362957,0.026425551623106003,0.8978189826011658,0.012342003174126148,0.0011464667040854692,0.00011242010077694431,0.013615037314593792,0.00048529583727940917,Double_bass
4fb480bf.wav,Double_bass,0.044749170541763306,0.23140090703964233,0.12882982194423676,0.010780093260109425,0.5159226655960083,0.050381507724523544,0.007797726895660162,0.00018728969735093415,0.006538888905197382,0.0034119293559342623,Double_bass
9dd0141c.wav,Double_bass,0.004784770309925079,7.64677497500088e-06,0.03859039396047592,0.0007114449399523437,0.9258185029029846,0.018664449453353882,2.6153898602387926e-07,0.0002536928514018655,0.008273367770016193,0.0028955067973583937,Double_bass
deb87700.wav,Double_bass,0.0011246423237025738,0.008982568047940731,0.005271799396723509,0.008119393140077591,0.9452307224273682,0.01983393169939518,0.0014880443923175335,0.005115704610943794,0.0046727582812309265,0.00016039343609008938,Double_bass
e0ecd1a6.wav,Double_bass,0.2459760159254074,1.1798803143392433e-06,0.14803501963615417,0.0002809058059938252,0.5831506848335266,0.00026438653003424406,1.2780787983501796e-07,9.756910003488883e-05,0.0047645848244428635,0.017429497092962265,Double_bass
0286fc27.wav,Double_bass,0.01080749649554491,0.008363970555365086,0.013454784639179707,0.006433361209928989,0.9426752924919128,0.0078805610537529,9.453126403968781e-05,0.0015604418003931642,0.00041312453686259687,0.008316396735608578,Double_bass
e2d993ec.wav,Cello,0.016118502244353294,0.001377460896037519,0.9435601234436035,0.0003625396348070353,0.008625580929219723,0.006081230938434601,0.00016266381135210395,0.002084155334159732,0.014090951532125473,0.007537020370364189,Cello
0091fc7f.wav,Cello,0.015400153584778309,0.0009039483848027885,0.858614444732666,0.024870604276657104,0.0027131761889904737,0.03279808163642883,0.00011686290963552892,0.008264591917395592,0.026312556117773056,0.03000565804541111,Cello
e55c5160.wav,Cello,0.00414019962772727,5.336231697583571e-05,0.9093027710914612,0.007853055372834206,0.0063436077907681465,0.0160687193274498,1.8155227735405788e-05,0.022540535777807236,0.02046138234436512,0.013218299485743046,Cello
a59b5a08.wav,Cello,0.033091239631175995,0.03997620940208435,0.8596002459526062,0.014536956325173378,0.021014457568526268,0.009655410423874855,0.0003336496592964977,6.704505358356982e-05,0.011606481857597828,0.01011832244694233,Cello
88500b88.wav,Cello,0.017216036096215248,0.0005171399097889662,0.967356264591217,0.0013750875368714333,0.0012273957254365087,0.0056761824525892735,2.092590329993982e-05,0.002509118989109993,0.0015308462316170335,0.00257103075273335,Cello
743ae0f9.wav,Cello,0.06931594014167786,0.02205517888069153,0.7783752679824829,0.024970034137368202,0.04908611252903938,0.007705798372626305,0.0012147288070991635,0.0029343590140342712,0.03209318593144417,0.012249398976564407,Cello
9e3bc1b6.wav,Cello,0.022792698815464973,2.39502278418513e-05,0.9416818618774414,0.007392724044620991,0.010315250605344772,0.008355445228517056,1.216518649016507e-05,0.0023765505757182837,0.005580750294029713,0.001468608039431274,Cello
3e2bddda.wav,Cello,0.0008528500329703093,0.00023861657246015966,0.9191986322402954,0.0008991367649286985,1.4804216334596276e-05,0.03209683299064636,0.0010505360551178455,0.02890140935778618,0.006509753875434399,0.010237466543912888,Cello
d328db67.wav,Cello,0.000798937224317342,6.593713575142601e-09,0.9452788829803467,0.0011886733118444681,5.265652362140827e-05,0.0005167234921827912,3.526064801917528e-06,0.00048201734898611903,0.046051666140556335,0.005626952275633812,Cello
7d896090.wav,Cello,0.025103529915213585,0.00022845175408292562,0.9005566239356995,0.005808559712022543,0.002070545917376876,0.020163236185908318,2.7395697543397546e-05,0.023892182856798172,0.007234474178403616,0.014914898201823235,Cello
4bff8f32.wav,Cello,0.057137999683618546,0.001300391391851008,0.9032379388809204,0.0038040420040488243,0.019824257120490074,0.00029244119650684297,1.0468561413290445e-05,0.01336235273629427,0.0005051540210843086,0.0005249245441518724,Cello
5e5bca7a.wav,Cello,0.02251676842570305,0.0164120402187109,0.8800035119056702,0.01807711459696293,0.013617259450256824,0.02381293661892414,0.0006677404744550586,0.0020302049815654755,0.007519634440541267,0.015342885628342628,Cello
811bf309.wav,Cello,0.00445245997980237,0.00018400803674012423,0.9143128395080566,0.00013134955952409655,0.0009449532954022288,0.0018430885393172503,7.077791087795049e-05,0.0006449180655181408,0.05082208290696144,0.02659352868795395,Cello
5689818f.wav,Cello,0.02057799883186817,0.0029691937379539013,0.9263989329338074,0.0024475452955812216,0.014929107390344143,0.005377008579671383,0.000121281023893971,0.002183889737352729,0.007445669732987881,0.01754944398999214,Cello
81d9f077.wav,Cello,0.008604825474321842,0.00010920039494521916,0.9303719401359558,0.02802312560379505,0.005106289405375719,0.0017283536726608872,8.564379641029518e-06,0.012983809225261211,0.01214195229113102,0.0009217584738507867,Cello
00353774.wav,Cello,0.0014359428314492106,0.00011956238449783996,0.9531541466712952,0.001989752985537052,0.0004767288628499955,0.01068148110061884,0.000261641398537904,0.013832645490765572,0.00995273794978857,0.00809535663574934,Cello
6a210ffa.wav,Cello,0.018887115642428398,3.651394945336506e-05,0.8848776817321777,0.002305819420143962,0.056482814252376556,0.005108802113682032,4.949982212565374e-06,0.0008318821201100945,0.03045591711997986,0.0010084779933094978,Cello
e97d9707.wav,Cello,0.0023020764347165823,0.0001462898071622476,0.9764147400856018,0.0014951153425499797,0.0011501789558678865,0.0009557798621244729,3.807131724897772e-05,0.0033516816329210997,0.0118390629068017,0.0023070708848536015,Cello
238b16a5.wav,Cello,0.027115484699606895,0.0002875205536838621,0.7129000425338745,0.0008924332796595991,0.19168949127197266,0.03467985987663269,3.740200327229104e-06,0.0004858883621636778,0.01392445806413889,0.01802120916545391,Cello
dc5be9d7.wav,Cello,0.024407410994172096,0.0020642324816435575,0.937527060508728,0.0003770522016566247,0.009685415774583817,0.0012555590365082026,2.3123997380025685e-05,0.00039560406003147364,0.01925543323159218,0.005009002517908812,Cello
f9653de8.wav,Cello,0.028799155727028847,0.02785217948257923,0.846666157245636,0.009885577484965324,0.05477786809206009,0.002502972260117531,0.00021005803137086332,0.006676723714917898,0.0013162351679056883,0.02131308801472187,Cello
31dbc5c0.wav,Cello,0.016140369698405266,0.008717115968465805,0.8764113187789917,0.0005082696443423629,0.009345928207039833,0.04848324880003929,1.5772106053191237e-05,0.004868559073656797,0.004274626262485981,0.03123472072184086,Cello
cbc8d551.wav,Cello,0.023390421643853188,0.016848741099238396,0.8479480147361755,0.0086502805352211,0.007448273710906506,0.03377782553434372,0.0010080343345180154,0.019511250779032707,0.027458209544420242,0.013958942145109177,Cello
195f544d.wav,Cello,0.008189846761524677,0.0002176966518163681,0.8859962821006775,0.0006337566301226616,0.00030097216949798167,0.020862415432929993,9.100285387830809e-05,0.014943820424377918,0.01326095499098301,0.05550314486026764,Cello
22bea889.wav,Cello,0.041289567947387695,0.0006733164191246033,0.8401078581809998,0.02417393960058689,0.043756671249866486,0.005804749205708504,5.3064086387166753e-05,0.004881861619651318,0.023626884445548058,0.0156320221722126,Cello
ab8e8ae3.wav,Cello,0.0072929165326058865,0.00031522673089057207,0.9630016684532166,0.010415229946374893,0.012157242745161057,0.0041378638707101345,0.00010289125930285081,0.0017414889298379421,0.0006006928742863238,0.00023470968881156296,Cello
e70c41d4.wav,Cello,0.0007234997465275228,3.907561385574354e-09,0.8862082362174988,0.0009788101306185126,3.278707299614325e-05,0.026232492178678513,2.021485023817604e-08,0.0831882655620575,0.00017795365420170128,0.0024580287281423807,Cello
125e6ccf.wav,Cello,0.0001929478021338582,3.3933863505808404e-06,0.960232138633728,0.0002104391169268638,7.835981523385271e-05,0.00022138029453344643,9.300000783696305e-06,0.00019754843378905207,0.037846386432647705,0.0010081371292471886,Cello
2da9e12a.wav,Cello,0.02683672495186329,0.0005327743128873408,0.9315940141677856,0.002063195686787367,0.021913686767220497,0.006920432206243277,2.625677916512359e-05,0.0033943881280720234,0.0028791523072868586,0.0038395083975046873,Cello
34e4d187.wav,Cello,0.04966863617300987,0.018861431628465652,0.8265678882598877,0.006170980632305145,0.059022512286901474,0.0046089645475149155,0.0005254961433820426,0.02196134440600872,0.007790802046656609,0.004822069779038429,Cello
52e54bdd.wav,Bass_drum,0.038638677448034286,0.45598527789115906,0.17220063507556915,0.03753334656357765,0.09967869520187378,0.12933214008808136,0.00952527392655611,0.0077415029518306255,0.03969397768378258,0.009670505300164223,Bass_drum
6d21ad67.wav,Bass_drum,0.00010585528798401356,0.905366837978363,0.08069989830255508,0.0006776906666345894,0.012553565204143524,0.00010250894411001354,0.0001950614678207785,7.126532182155643e-06,0.00028811098309233785,3.242065304220887e-06,Bass_drum
ca3f3698.wav,Bass_drum,0.00027218263130635023,0.9947959184646606,0.0008617269340902567,3.2169136829907075e-05,0.004006673116236925,3.0515509479300817e-06,7.164918258695252e-08,7.825052307453007e-06,1.6025660443119705e-07,2.0174884411972016e-05,Bass_drum
aa9ae956.wav,Bass_drum,5.9106423577759415e-05,0.9869517087936401,0.002168194856494665,0.001307699829339981,0.006264235824346542,0.002132134512066841,3.051811654586345e-05,3.382113618499716e-06,0.0008353724260814488,0.0002476208028383553,Bass_drum
0ddb4bdf.wav,Bass_drum,0.0004513899330049753,0.9512537121772766,0.0040792301297187805,0.008415479212999344,0.028532598167657852,0.005100367125123739,9.651637083152309e-05,4.4628641262534074e-06,0.0019910153932869434,7.519971404690295e-05,Bass_drum
921eee9d.wav,Bass_drum,0.0007116803317330778,0.9899689555168152,3.1110823329072446e-05,0.006218160968273878,3.297278090030886e-05,3.840538340682542e-07,3.729049922185368e-06,0.0018511587986722589,0.0011748684337362647,7.0213409344432876e-06,Bass_drum
c153f347.wav,Bass_drum,0.00030663609504699707,0.985715389251709,0.0016234122449532151,9.306387801188976e-05,0.012176097370684147,9.127959856414236e-06,5.409809773482266e-07,5.809909453091677e-06,9.399415148436674e-07,6.907446368131787e-05,Bass_drum
63e0ab2c.wav,Bass_drum,3.6969780921936035e-05,0.9886170625686646,0.0011869845911860466,7.945995457703248e-05,0.009209911338984966,0.0004992102622054517,1.2725985470751766e-05,1.1891840586031321e-05,0.00010985390690620989,0.00023590690398123115,Bass_drum
88780eac.wav,Bass_drum,0.0024513667449355125,0.8722094893455505,0.004203129559755325,0.0027193918358534575,0.003756802761927247,0.019608138129115105,0.00098427664488554,0.0005641315365210176,0.09239908307790756,0.0011042272672057152,Bass_drum
bea51ca5.wav,Bass_drum,0.00035489274887368083,0.959343433380127,0.012684373185038567,0.00015236834587994963,0.02352549508213997,0.0005407152930274606,1.116197836381616e-05,0.0005447547882795334,3.6816156352870166e-05,0.002805940108373761,Bass_drum
f26131d8.wav,Bass_drum,0.00010292487422702834,0.9924729466438293,0.0007902653305791318,0.0002254979481222108,0.0028424812480807304,4.9804173613665625e-05,2.2194202756509185e-05,0.0032443080563098192,0.0001874824083643034,6.214528548298404e-05,Bass_drum
ce75b5ce.wav,Bass_drum,5.30972502019722e-05,0.9974879026412964,0.00013567182759288698,3.4940192563226447e-05,0.0006327666924335063,1.1498353160277475e-05,4.51710911875125e-06,0.0011784789385274053,0.00038328373921103776,7.79229449108243e-05,Bass_drum
565f3ee2.wav,Bass_drum,0.00175357679836452,0.9221544861793518,0.007616016548126936,0.0006184044759720564,0.007570848800241947,2.889486677304376e-05,3.339620207043481e-07,0.059665288776159286,9.765840513864532e-05,0.0004945046966895461,Bass_drum
ff11628d.wav,Bass_drum,0.00047228261246345937,0.9588558077812195,0.002890115138143301,0.01562085933983326,0.010415110737085342,0.009553870186209679,0.00016542446974199265,0.00010134004696737975,0.0012699365615844727,0.0006552436971105635,Bass_drum
cdfc8967.wav,Bass_drum,0.007526322267949581,0.506148099899292,0.028545832261443138,0.0742376446723938,0.10447964817285538,0.15634006261825562,0.0100322924554348,0.00019904450164176524,0.09970627725124359,0.012784752063453197,Bass_drum
f8a99b37.wav,Bass_drum,9.004097955767065e-05,0.9817914962768555,0.001696262857876718,0.0027132623363286257,0.008056598715484142,0.005080152302980423,5.939251423114911e-05,1.2535422683868092e-05,0.0002716301823966205,0.0002286538656335324,Bass_drum
809ea09e.wav,Bass_drum,6.55771218589507e-05,0.9794614911079407,0.0010853238636627793,0.0019732830114662647,0.013540081679821014,0.0030708140693604946,4.173180423094891e-05,1.5929141227388754e-05,0.00025674040080048144,0.0004889133269898593,Bass_drum
03fc1f96.wav,Bass_drum,0.2045198231935501,0.2553536295890808,0.16091223061084747,0.016023313626646996,0.3004511892795563,0.001616387628018856,0.00018128252122551203,0.055063746869564056,0.0019098054617643356,0.003968566656112671,Double_bass
8b6a16de.wav,Bass_drum,0.0006523922784253955,0.9883835315704346,0.0026134976651519537,3.302339246147312e-05,0.008252925239503384,8.50315518619027e-06,1.3852144320480875e-07,5.805224191135494e-06,3.738396401331556e-07,4.987201828043908e-05,Bass_drum
7dda9dc2.wav,Bass_drum,0.0035588813479989767,0.5876200795173645,0.002120122779160738,0.0006736186915077269,0.38050806522369385,0.0031863695476204157,0.0006529255188070238,0.00027028153999708593,0.01951676420867443,0.0018928955541923642,Bass_drum
3a9085ca.wav,Bass_drum,0.001371805090457201,0.9595707654953003,0.0002575453254394233,6.587391544599086e-05,0.00011369298590580001,0.00023416487965732813,4.4275016989558935e-05,0.008808715268969536,0.029073452576994896,0.00045970859355293214,Bass_drum
4ba2b70e.wav,Bass_drum,0.0006042869645170867,0.9850077629089355,1.4918629858584609e-05,1.5378051102743484e-05,2.3853879611124285e-05,4.4122884901298676e-06,1.2980947758478578e-05,0.0031125640962272882,0.01102199126034975,0.0001819131284719333,Bass_drum
01c2f88b.wav,Bass_drum,0.0009620643104426563,0.8666254878044128,0.003722001099959016,0.011123009026050568,0.031951893121004105,0.07991194725036621,0.0017370687564834952,7.413051662297221e-06,0.003445414826273918,0.0005137688713148236,Bass_drum
ce3f3400.wav,Bass_drum,0.0899798795580864,0.645055890083313,0.16595341265201569,0.005877137649804354,0.005465549882501364,0.00181074277497828,0.0008438645163550973,0.03072708658874035,0.006300494074821472,0.04798600822687149,Bass_drum
6a96272b.wav,Bass_drum,4.197778253001161e-06,0.9905261993408203,0.00026767828967422247,8.4405346569838e-06,0.00918420497328043,9.920230468196678e-07,4.806387288169844e-09,3.352111832555238e-07,1.8390252876088198e-08,7.94286734162597e-06,Bass_drum
9adffd44.wav,Bass_drum,0.022446412593126297,0.9698706865310669,0.0034546602983027697,0.00022083699877839535,0.00380301964469254,3.6040248232893646e-05,7.097650041032466e-07,7.724091847194359e-05,1.6749405631344416e-06,8.885775605449453e-05,Bass_drum
7d11b3b4.wav,Bass_drum,2.6032801088149427e-06,0.9998238682746887,1.2120013707317412e-05,1.042651456373278e-05,0.00014763209037482738,2.1797640670229157e-07,3.1755106988384796e-08,3.145067353216291e-07,2.2622313622377987e-07,2.6508507744438248e-06,Bass_drum
bab98261.wav,Bass_drum,6.3868669712974224e-06,0.9998120069503784,2.2373425963451155e-05,1.7852209566626698e-05,0.00013579436927102506,3.5858690239365387e-07,6.724170020788733e-08,6.596687285309599e-07,5.26639269082807e-07,4.017613264295505e-06,Bass_drum
c11bacda.wav,Bass_drum,0.008842108771204948,0.9177592396736145,0.017679661512374878,0.0038288533687591553,0.01218578964471817,0.026364009827375412,0.002588873030617833,0.00349705689586699,0.004506085999310017,0.002748403698205948,Bass_drum
9a4bfb69.wav,Bass_drum,0.014194128103554249,0.7477743029594421,0.06221817061305046,0.003380789188668132,0.1632554978132248,0.005095184780657291,0.00017741472402121872,0.00023056354257278144,0.0009056071867235005,0.0027682885993272066,Bass_drum
18865530.wav,Flute,7.942602678667754e-06,3.2304259961479787e-11,0.00015749699377920479,1.2651926226681098e-05,8.39696170373827e-08,0.9957835674285889,1.5553322896266764e-07,1.4137755897536408e-05,0.0038618515245616436,0.00016215821960940957,Flute
9f6eac9c.wav,Flute,0.00024706361000426114,1.2046435848844794e-08,0.01073819026350975,0.015072790905833244,9.012366353999823e-05,0.9114209413528442,0.00010222846321994439,0.0600639246404171,0.0014075423823669553,0.0008572427905164659,Flute
07db7f16.wav,Flute,7.827287481632084e-05,0.004474478308111429,0.000351105525624007,0.02507159672677517,0.00328400288708508,0.936240017414093,0.009840717539191246,4.161825472692726e-06,0.01915072090923786,0.001504942192696035,Flute
dc6676ff.wav,Flute,2.9918173822807148e-05,4.7002557401754075e-09,0.00020295345166232437,0.0020338583271950483,1.3177127300423308e-07,0.9678179025650024,1.1582402294152416e-05,0.005203078500926495,0.0002986080071423203,0.024401944130659103,Flute
3eaddda8.wav,Flute,0.002749277278780937,4.398876171762822e-06,0.0750080868601799,0.004559935536235571,0.002120510209351778,0.9008437395095825,3.623668817454018e-05,0.008867613971233368,0.00015467691991943866,0.0056556519120931625,Flute
1b93aeba.wav,Flute,7.364128396147862e-05,1.4069154695428576e-11,0.0002826369018293917,9.240967483492568e-05,1.8694816390052438e-05,0.9990329146385193,5.282402639750217e-07,0.000296709593385458,0.0001495008182246238,5.287901149131358e-05,Flute
c683f28f.wav,Flute,0.000771045801229775,3.0557595342983745e-10,0.0010514063760638237,0.0018086312338709831,6.99836675721599e-07,0.9963424801826477,1.2144910077616089e-11,1.3559725630329922e-05,2.2141188882329743e-09,1.2382465683913324e-05,Flute
55d52a69.wav,Flute,0.0004004127695225179,0.004598535131663084,0.012438178062438965,0.02058711275458336,0.0017852289602160454,0.904960572719574,0.0007624516147188842,0.04822686314582825,0.005495418328791857,0.0007452512509189546,Flute
ca8653d2.wav,Flute,7.387630466837436e-05,3.504270353005268e-05,0.016180386766791344,0.0036777937784790993,0.003402393078431487,0.9296626448631287,7.092992746038362e-05,0.028061725199222565,3.40487458743155e-05,0.018801050260663033,Flute
6b27a847.wav,Flute,3.455118712736294e-05,5.916114265147598e-10,0.008806463330984116,0.005877543240785599,4.488605327424011e-07,0.9802730083465576,6.128213044576114e-06,7.817045116098598e-05,1.785746826499235e-05,0.004905959591269493,Flute
4bcc8a77.wav,Flute,8.740610064705834e-05,1.6806882285891334e-06,0.0008941361447796226,0.00037327612517401576,0.0011014535557478666,0.9931966066360474,8.962355195762939e-07,0.001624212833121419,4.116860964131774e-06,0.002716206479817629,Flute
84f5b84b.wav,Flute,1.2232242625032086e-05,3.342974341791205e-09,2.3314938516705297e-05,0.00032711977837607265,1.872271127467684e-06,0.9996241927146912,1.1913767750115767e-09,1.987138148251688e-06,1.6961606563725695e-09,9.228468115907162e-06,Flute
5d73ee6f.wav,Flute,0.0036848271265625954,0.0015306691639125347,0.028949616476893425,0.03579607605934143,0.0012974207056686282,0.8200808167457581,0.002056976081803441,0.06595597416162491,0.02893517166376114,0.011712457053363323,Flute
5d040c3b.wav,Flute,0.0020410954020917416,7.432265647366876e-08,0.0006043082103133202,2.356921322643757e-05,0.0001339182344963774,0.9912301898002625,1.2715180446321028e-06,0.0021095522679388523,0.003440041793510318,0.00041607997263781726,Flute
6a037ddf.wav,Flute,0.0005356816691346467,0.008158124051988125,0.003671363228932023,0.01207700278609991,0.001992736477404833,0.9495240449905396,0.004071299452334642,0.010006584227085114,0.009308649227023125,0.0006546276854351163,Flute
35e97db3.wav,Flute,3.592682054631702e-11,1.073827970510897e-19,1.0349498325012974e-07,6.279894296312705e-05,4.3099906781550457e-13,0.9999300837516785,4.338560177785666e-09,1.766033506100939e-07,4.782702234251701e-09,6.85020359014743e-06,Flute
d14f5df1.wav,Flute,0.003411929588764906,6.425734113690851e-07,0.04522565379738808,0.0036888031754642725,0.003995436243712902,0.8987948894500732,1.1524242836458143e-05,0.04268435016274452,5.5134612921392545e-05,0.0021318227518349886,Flute
9f522cda.wav,Flute,0.0012724419357255101,2.285530976715161e-13,0.0016726501053199172,0.0034106443636119366,7.463540896424092e-08,0.9623034000396729,0.0003286586725153029,0.006391642615199089,2.961718337246566e-07,0.024620117619633675,Flute
fe76c972.wav,Flute,0.006826616358011961,1.3432105205879452e-08,0.024427082389593124,0.018620694056153297,0.003258921205997467,0.9255897402763367,6.6557154241309036e-06,0.020630456507205963,1.1732175408951662e-07,0.0006396567914634943,Flute
562d93f5.wav,Flute,0.0014364438829943538,0.0010274656815454364,0.028345802798867226,0.009526572190225124,0.0008556265383958817,0.9207121133804321,0.0008761443896219134,0.019896790385246277,0.0166852455586195,0.0006379493279382586,Flute
fa32109e.wav,Flute,2.1236872271401808e-05,2.5342289518448524e-05,0.01010690163820982,0.04768954589962959,9.810518531594425e-05,0.8777117729187012,0.0021434170193970203,0.061002109199762344,0.00018822718993760645,0.0010133354226127267,Flute
b4b2b68d.wav,Flute,0.0016958609921857715,3.340949842822738e-05,0.059121228754520416,0.002983112121000886,0.007433071732521057,0.9094520807266235,9.893955393636134e-06,0.006180427968502045,0.00823193695396185,0.004858926869928837,Flute
af227d6f.wav,Flute,0.000588550406973809,1.9171993415056932e-07,0.019124357029795647,0.021392829716205597,0.00011333107977407053,0.9241206645965576,0.0026458308566361666,0.022528471425175667,0.00013727368786931038,0.009348683059215546,Flute
85d6a7d2.wav,Flute,0.0006195887108333409,2.4394407205363677e-07,0.011827337555587292,0.004705631639808416,0.0003763197164516896,0.960161566734314,1.9021904051896854e-07,0.018427709117531776,3.629270941019058e-05,0.003845393657684326,Flute
3707da71.wav,Flute,0.00029723133775405586,1.3194510373182311e-08,0.03216766193509102,0.010816342197358608,3.4343993320362642e-06,0.9264813661575317,0.00013089942513033748,0.025834079831838608,0.0004430841945577413,0.0038256861735135317,Flute
61c914b1.wav,Flute,1.2536265785456635e-05,3.4509378110669786e-07,0.0005086782621219754,0.04420057684183121,7.977039786055684e-06,0.9536405801773071,1.5136263755266555e-05,0.001139621832408011,3.473696779110469e-06,0.00047120265662670135,Flute
f5e20dce.wav,Flute,0.04203670844435692,2.6359779440099373e-05,0.061698783189058304,0.03196409344673157,0.004524753428995609,0.7650250792503357,0.010008929297327995,0.03497593477368355,0.04214293509721756,0.007596252486109734,Flute
b0d9849d.wav,Flute,0.0002736583410296589,0.004683536011725664,0.0065451511181890965,0.015202251262962818,0.004578635096549988,0.9346371293067932,0.001733887940645218,0.016260605305433273,0.008803079836070538,0.00728215416893363,Flute
6ef82473.wav,Flute,0.00870604906231165,6.99258009717596e-07,0.028985874727368355,0.0038092758040875196,0.01596197299659252,0.8666400909423828,1.1544009794306476e-05,0.06791132688522339,0.00042386873974464834,0.00754936458542943,Flute
8986cced.wav,Flute,6.802975462960603e-07,5.978720296617723e-11,1.748435533954762e-05,0.00021316591301001608,1.0407981108073727e-06,0.9959858059883118,3.356279165700471e-08,0.0037775621749460697,2.624072294565849e-06,1.7096529063564958e-06,Flute
a64a3740.wav,Clarinet,1.9672052076202817e-07,3.7715859759314754e-14,3.5278844734421e-05,0.9858270287513733,1.1736450034049994e-08,0.005541016347706318,1.7546735620044274e-08,6.282891718001338e-06,2.3567824882775312e-06,0.008587961085140705,Clarinet
ad7ec8cb.wav,Clarinet,1.2783439862218415e-09,1.979663796592044e-24,1.6240004896417304e-08,0.9996471405029297,1.9252396985663944e-12,1.3527076589525677e-05,2.3926539460643326e-13,1.9243804771917894e-08,3.147184912677403e-08,0.00033936245017684996,Clarinet
8ee44fb5.wav,Clarinet,0.00010838909656740725,2.2461041273430515e-12,3.451108341323561e-06,0.970795214176178,5.277456693875138e-06,0.02238645777106285,5.2874682410219975e-08,0.0006807916215620935,2.1660089544184302e-07,0.0060201711021363735,Clarinet
7eb959ec.wav,Clarinet,0.010981994681060314,7.33908436245656e-08,0.0014337627217173576,0.9544240236282349,8.073712524492294e-05,0.003566146595403552,0.0013974120374768972,0.015483076684176922,0.0002721486671362072,0.012360374443233013,Clarinet
e51e1770.wav,Clarinet,8.68802635523025e-06,1.8479790614422953e-11,0.0014574740780517459,0.9664027690887451,0.000411780463764444,0.009209231473505497,0.015513986349105835,0.006970331072807312,1.711379269409008e-07,2.5581492081983015e-05,Clarinet
3f7e6da8.wav,Clarinet,0.0001651859056437388,1.1678383815549864e-09,0.0014381747459992766,0.9771324396133423,4.697244094131747e-06,0.0004106604610569775,0.019075026735663414,4.7062123485375196e-05,0.0002443234552629292,0.0014825010439381003,Clarinet
3cbe9902.wav,Clarinet,0.0006934023695066571,0.0029270369559526443,0.01235181838274002,0.916039228439331,0.004017737694084644,0.03816427290439606,0.006519804708659649,0.001944542396813631,0.0058228326961398125,0.0115193547680974,Clarinet
9a722e53.wav,Clarinet,0.00022875481226947159,3.33745455317197e-13,9.019620847539045e-06,0.9677065014839172,1.105839510273654e-05,0.0007821455365046859,3.1618954676737587e-10,0.031235093250870705,4.4399033072295424e-07,2.7005464289686643e-05,Clarinet
19105b8a.wav,Clarinet,0.003621073206886649,6.803547876188532e-07,0.003071889514103532,0.9575564861297607,0.005742234643548727,0.005782747641205788,0.00026559559046290815,0.01642129197716713,0.0030040545389056206,0.004534056410193443,Clarinet
1f81cc2b.wav,Clarinet,0.0008151412475854158,2.672542223081109e-07,0.015039010904729366,0.9364992380142212,2.8506834496511146e-05,0.0347105972468853,6.388613110175356e-05,0.0047088004648685455,0.0008748110267333686,0.00725995609536767,Clarinet
44c5094c.wav,Clarinet,1.9072140844400565e-07,2.324874200218454e-15,0.0002956753596663475,0.9765001535415649,3.92232277590665e-06,0.02283306047320366,1.871655719298815e-09,0.0003136972663924098,6.699644217178502e-08,5.334959860192612e-05,Clarinet
5506629f.wav,Clarinet,0.0007016746094450355,0.0009021961595863104,0.0004129686567466706,0.9928264617919922,0.000172256346559152,0.0005027395091019571,0.00016892851272132248,0.0006565166404470801,0.0013164449483156204,0.0023398930206894875,Clarinet
ddf23920.wav,Clarinet,6.236963029371267e-11,3.949910774113651e-16,5.879059017388499e-07,0.9881847500801086,3.418407223954034e-10,0.011241359636187553,5.684357233803894e-07,8.723072824068367e-06,7.504760701770863e-11,0.0005640348535962403,Clarinet
2e1cd085.wav,Clarinet,3.049350638661963e-08,2.3389324467374424e-22,1.8106995014477434e-07,0.9872009754180908,5.92261309440012e-11,0.0018006152240559459,5.233284983206625e-14,6.369421043928014e-07,0.010908011347055435,8.96310739335604e-05,Clarinet
dc981a38.wav,Clarinet,0.00010762915189843625,2.5600407904669e-10,0.004747134167701006,0.8448724150657654,0.0006127178785391152,0.13503453135490417,1.0246308193018194e-06,0.0032257267739623785,7.751047633064445e-06,0.011391066946089268,Clarinet
a053797b.wav,Clarinet,0.001600022311322391,2.2359279141723198e-13,3.133172015168384e-07,0.9649819135665894,1.7795004168874584e-05,0.00018304081459064037,1.5266812065841545e-13,0.03311067819595337,7.936093879834516e-07,0.00010545137047301978,Clarinet
f2310f0d.wav,Clarinet,0.004573363810777664,0.001983771799132228,0.003781265579164028,0.9076321721076965,0.00038515706546604633,0.00889820046722889,0.0015346179716289043,0.03806198760867119,0.0011497612576931715,0.031999703496694565,Clarinet
ce65d6b5.wav,Clarinet,6.556327571161091e-05,5.126358360030281e-08,2.7091744414065033e-05,0.7997115254402161,0.0011070079635828733,0.00065387919312343,6.770921063409263e-12,0.19790932536125183,0.0003556793963070959,0.0001698984851827845,Clarinet
45de3233.wav,Clarinet,0.0007735089166089892,0.00769963301718235,0.004075183533132076,0.9449443221092224,0.002710184780880809,0.027744770050048828,0.0015012187650427222,0.0005409856676124036,0.008295420557260513,0.0017148592742159963,Clarinet
8916ffcd.wav,Clarinet,4.348974471213296e-05,3.3219756698059377e-13,2.8039828521286836e-06,0.9739354252815247,6.91479158376751e-08,0.023306647315621376,2.2143095690374537e-10,0.001491042086854577,1.0270450268023978e-08,0.001220600912347436,Clarinet
e43f7db2.wav,Clarinet,9.06631066754926e-06,1.0250855719817764e-11,0.010504554025828838,0.9476275444030762,6.606471458781016e-08,0.02861977182328701,2.783025143671125e-09,0.002578562358394265,2.0487577785388567e-06,0.010658461600542068,Clarinet
3c66098d.wav,Clarinet,1.9401047666178783e-06,1.0603258722430287e-12,0.0008864959818311036,0.8258212804794312,5.795925517304568e-07,0.17218880355358124,8.157221031979134e-08,0.00020542260608635843,6.665542007233682e-10,0.0008954433724284172,Clarinet
ad42e493.wav,Clarinet,3.0965107725933194e-05,1.4426789762822523e-09,0.0004094154282938689,0.9897607564926147,5.539646735996939e-06,0.007596869487315416,1.929139443745953e-06,0.0012194238370284438,4.227099907438969e-06,0.0009709075093269348,Clarinet
740e5bb7.wav,Clarinet,0.0013451667036861181,0.0033328551799058914,0.019053518772125244,0.9216429591178894,0.007135895546525717,0.0207403302192688,0.003051462583243847,0.010162478312849998,0.0029441730584949255,0.010591051541268826,Clarinet
800b401e.wav,Clarinet,0.021970821544528008,0.003804868320003152,0.020035825669765472,0.9180968999862671,0.013505394570529461,0.012675508856773376,1.54139688675059e-05,0.009013251401484013,0.00037405628245323896,0.000508014636579901,Clarinet
3c713bcf.wav,Clarinet,2.6456484192749485e-05,2.9036704063400975e-07,0.010090306401252747,0.9819403290748596,2.0208017303957604e-06,9.443917292628612e-07,0.007909736596047878,1.8697712221182883e-05,1.7347781522403238e-07,1.1044620805478189e-05,Clarinet
2fc00271.wav,Clarinet,4.984428233001381e-05,1.2036427410322403e-09,0.00026434959727339447,0.9973924160003662,5.580894503509626e-05,0.0007723624585196376,0.00031878461595624685,0.0007970380829647183,2.2613530745729804e-05,0.0003268929140176624,Clarinet
b0c06255.wav,Clarinet,0.0002234015119029209,1.7026585696910956e-09,0.0013008369132876396,0.9813227653503418,5.627777682093438e-06,0.008822494186460972,2.2734313915862003e-06,0.007202422246336937,1.6240619515883736e-05,0.0011038953671231866,Clarinet
71c6451f.wav,Clarinet,7.726540934527293e-05,1.4802010528738863e-12,0.00014145145541988313,0.886793315410614,2.1946550532447873e-07,0.06483342498540878,2.2909161234707653e-09,0.04247851297259331,6.215873145265505e-05,0.0056135524064302444,Clarinet
5de123c3.wav,Clarinet,7.534169708378613e-05,1.5197812626432938e-12,0.00010912686411757022,0.9398301839828491,6.656157438555965e-06,0.009883898310363293,4.561528099689127e-10,0.03581731393933296,0.00021350035967770964,0.014063945040106773,Clarinet
